{"fx": 386.51483154296875, "fy": 385.5575256347656, "ppx": 322.3609924316406, "ppy": 241.72122192382812, "height": 480, "width": 640, "depth_scale": 0.0010000000474974513}